tmID,coachID,win_pct,delta_wins,roster_churn,firing_probability
MIN,gilloje01w,0.4117647058823529,-2.0,0.5805935408786733,0.8544293164674
DET,mahorri01w,0.5483870967741935,-5.0,0.21717316513761464,0.6792266545244219
WAS,plankju99w,0.4705882352941176,14.0,0.4593336243270769,0.6501248934353959
CHI,keyst99wc,0.4705882352941176,4.0,0.28603536110278693,0.6084660524690431
SAC,whisejo99w,0.4285714285714285,-9.0,0.2072072072072072,0.4818742706537926
PHO,gaineco01w,0.6764705882352942,7.0,0.37782608695652176,0.4595412416195202
SEA,aglerbr99w,0.5882352941176471,-2.0,0.2080842584685454,0.40739578973004636
NYL,donovan99w,0.4117647058823529,-12.0,0.10663575775137646,0.40546111035081916
