tmID,coachID,win_pct,league_rank,win_pct_delta,firing_probability
MIN,gilloje01w,0.4117647058823529,12.0,-0.05882352941176466,0.7695608065994355
CHI,keyst99wc,0.4705882352941176,7.0,0.11764705882352938,0.6947255228834834
DET,mahorri01w,0.5483870967741935,4.0,-0.09867172675521829,0.6547636093138925
WAS,plankju99w,0.4705882352941176,7.0,0.303921568627451,0.6446686893441858
SAC,whisejo99w,0.4285714285714285,11.0,-0.10084033613445387,0.5333329461928723
PHO,gaineco01w,0.6764705882352942,1.0,0.20588235294117657,0.4702597253999208
NYL,donovan99w,0.4117647058823529,12.0,-0.1470588235294118,0.4674203897681416
SAS,hugheda99w,0.4411764705882353,10.0,-0.26470588235294124,0.46339650025827117
