tmID,coachID,win_pct,delta_wins,roster_churn,firing_probability
SAC,bouceje01w,0.2307692307692307,-15.0,0.2072072072072072,0.9510728950003068
NYL,coylepa99w,0.3529411764705882,-13.0,0.10663575775137646,0.8209408064838475
DET,laimbbi01w,0.3333333333333333,-21.0,0.21717316513761464,0.8039827506450314
